{
  "oldParams": true,
  "wave_type": 3,
  "p_env_attack": 0.295,
  "p_env_sustain": 0.13396990299224854,
  "p_env_punch": 0.22957170009613037,
  "p_env_decay": 0.05599984899163246,
  "p_base_freq": 0.7744924426078796,
  "p_freq_limit": 0,
  "p_freq_ramp": 0.36653029918670654,
  "p_freq_dramp": 0,
  "p_vib_strength": 0.16709847748279572,
  "p_vib_speed": 0.22495925426483154,
  "p_arp_mod": 0,
  "p_arp_speed": 0,
  "p_duty": 0,
  "p_duty_ramp": 0,
  "p_repeat_speed": 0.7715764045715332,
  "p_pha_offset": 0,
  "p_pha_ramp": 0,
  "p_lpf_freq": 1,
  "p_lpf_ramp": 0,
  "p_lpf_resonance": 0,
  "p_hpf_freq": 0.9180301427841187,
  "p_hpf_ramp": 0,
  "sound_vol": 0.25,
  "sample_rate": 44100,
  "sample_size": 8
}
